latitude,longitude,bright_ti4,scan,track,acq_date,acq_time,satellite,confidence,version,bright_ti5,frp,daynight
26.5659,101.67464,327.59,0.34,0.56,2025-06-27,0544,N,low,2.0NRT,299.34,4.85,D
26.56678,101.6729,327.83,0.34,0.56,2025-06-27,0544,N,low,2.0NRT,298.51,4.82,D
26.57619,101.66688,367,0.34,0.56,2025-06-27,0544,N,high,2.0NRT,298.88,9.21,D
6.29274,81.35954,329.73,0.39,0.59,2025-06-27,0720,N,nominal,2.0NRT,294.04,2.87,D
6.29265,81.3601,328.25,0.39,0.59,2025-06-27,0720,N,nominal,2.0NRT,294.03,2,D
7.3652,81.31638,330.9,0.38,0.58,2025-06-27,0720,N,nominal,2.0NRT,289.73,3.03,D
7.54743,81.16933,330.72,0.38,0.59,2025-06-27,0720,N,nominal,2.0NRT,285.58,4.31,D
8.24031,80.1579,327.69,0.44,0.62,2025-06-27,0720,N,nominal,2.0NRT,287.91,3.04,D
8.34178,80.22992,334.29,0.43,0.62,2025-06-27,0720,N,nominal,2.0NRT,289.54,3.25,D
8.34365,80.22975,336.58,0.43,0.62,2025-06-27,0720,N,nominal,2.0NRT,291.06,2.93,D
8.83549,80.99697,344.49,0.37,0.58,2025-06-27,0720,N,nominal,2.0NRT,293.14,4.97,D
9.37276,80.6507,337.8,0.39,0.59,2025-06-27,0720,N,nominal,2.0NRT,291.89,4.97,D
8.99382,77.94114,337.23,0.59,0.7,2025-06-27,0720,N,nominal,2.0NRT,288.75,8.11,D
8.9928,77.93568,338.53,0.59,0.7,2025-06-27,0720,N,nominal,2.0NRT,291.8,10.78,D
8.99266,77.93597,346.49,0.59,0.7,2025-06-27,0720,N,nominal,2.0NRT,291.96,14.7,D
9.37493,78.90691,330.35,0.5,0.66,2025-06-27,0720,N,nominal,2.0NRT,292.9,4.61,D
9.37594,78.908,333.36,0.5,0.66,2025-06-27,0720,N,nominal,2.0NRT,292.56,2.96,D
9.138,77.61922,335.84,0.62,0.71,2025-06-27,0720,N,nominal,2.0NRT,288.45,7.42,D
9.38988,78.75016,333.74,0.52,0.67,2025-06-27,0720,N,nominal,2.0NRT,292.14,3.2,D
13.26345,79.57245,333.71,0.39,0.59,2025-06-27,0722,N,nominal,2.0NRT,289.89,5.2,D
13.26889,79.57137,351.29,0.39,0.59,2025-06-27,0722,N,nominal,2.0NRT,290.54,5.2,D
13.26336,79.57105,330.93,0.39,0.59,2025-06-27,0722,N,nominal,2.0NRT,290.63,4.5,D
13.26881,79.57001,332.96,0.39,0.59,2025-06-27,0722,N,nominal,2.0NRT,290.31,5.58,D
13.09337,78.27289,330.53,0.48,0.64,2025-06-27,0722,N,nominal,2.0NRT,291.32,4.3,D
13.53517,79.79584,333.68,0.37,0.58,2025-06-27,0722,N,nominal,2.0NRT,288.99,2.68,D
14.14992,79.65195,340.61,0.37,0.58,2025-06-27,0722,N,nominal,2.0NRT,277.3,3.45,D
23.34438,100.43079,331.16,0.63,0.72,2025-06-27,0724,N,nominal,2.0NRT,286.52,4.49,D
26.98184,80.20368,332.53,0.39,0.44,2025-06-27,0726,N,nominal,2.0NRT,295.95,3.81,D
26.98218,80.20394,337.16,0.39,0.44,2025-06-27,0726,N,nominal,2.0NRT,296.18,3.27,D
27.07148,80.23166,335.37,0.39,0.44,2025-06-27,0726,N,nominal,2.0NRT,296.56,3.12,D
27.08741,80.12117,331.75,0.4,0.44,2025-06-27,0726,N,nominal,2.0NRT,296.43,2.75,D
27.01088,79.56634,338.44,0.43,0.46,2025-06-27,0726,N,nominal,2.0NRT,294.55,3.32,D
27.06278,78.61596,342.61,0.48,0.48,2025-06-27,0726,N,nominal,2.0NRT,293.46,6.44,D
27.83183,79.60954,339.33,0.41,0.45,2025-06-27,0726,N,nominal,2.0NRT,295.32,5.08,D
28.26471,78.19566,339.51,0.48,0.48,2025-06-27,0726,N,nominal,2.0NRT,294.17,8.36,D
29.51849,77.02397,334.03,0.53,0.5,2025-06-27,0726,N,nominal,2.0NRT,292.27,2.03,D
30.34217,80.08061,342.03,0.53,0.42,2025-06-27,0726,N,nominal,2.0NRT,303.19,9.64,D
30.34352,80.07825,348,0.53,0.42,2025-06-27,0726,N,nominal,2.0NRT,302.2,12.71,D
30.22526,78.64845,335.63,0.42,0.45,2025-06-27,0726,N,nominal,2.0NRT,293.19,3.74,D
30.76782,79.84653,331.75,0.53,0.42,2025-06-27,0726,N,nominal,2.0NRT,299.44,3.8,D
30.63652,75.88567,330.53,0.59,0.53,2025-06-27,0726,N,nominal,2.0NRT,291.97,8.16,D
30.78642,76.21691,331.56,0.56,0.51,2025-06-27,0726,N,nominal,2.0NRT,291.52,6.93,D
30.71751,75.61463,330.51,0.61,0.53,2025-06-27,0726,N,nominal,2.0NRT,287.05,4.09,D
30.77656,75.66979,333.68,0.6,0.53,2025-06-27,0726,N,nominal,2.0NRT,291.42,6.64,D
30.78331,75.6545,341.32,0.6,0.53,2025-06-27,0726,N,nominal,2.0NRT,290.08,9.69,D
30.7881,75.65302,336.9,0.6,0.53,2025-06-27,0726,N,nominal,2.0NRT,289.4,9.69,D
30.8375,75.52266,340.91,0.61,0.53,2025-06-27,0726,N,nominal,2.0NRT,291.52,10.95,D
30.92995,75.49255,342.36,0.61,0.53,2025-06-27,0726,N,nominal,2.0NRT,292.06,8.4,D
30.90704,75.26019,335.97,0.63,0.54,2025-06-27,0726,N,nominal,2.0NRT,290.35,6.94,D
38.13622,67.81297,333.38,0.52,0.67,2025-06-27,0731,N,nominal,2.0NRT,298.87,3.6,D
38.04768,67.26711,367,0.56,0.69,2025-06-27,0731,N,high,2.0NRT,311.98,33.8,D
38.04588,67.26109,340.99,0.56,0.69,2025-06-27,0731,N,nominal,2.0NRT,305.56,20.94,D
38.05384,67.26466,367,0.56,0.69,2025-06-27,0731,N,high,2.0NRT,309.27,33.8,D
38.05205,67.2587,367,0.56,0.69,2025-06-27,0731,N,high,2.0NRT,304.43,20.94,D
38.05077,67.26998,344,0.56,0.69,2025-06-27,0731,N,nominal,2.0NRT,304.27,42.07,D
38.04893,67.26396,355.86,0.56,0.69,2025-06-27,0731,N,nominal,2.0NRT,325.41,35.92,D
38.04708,67.25787,344.01,0.56,0.69,2025-06-27,0731,N,nominal,2.0NRT,305.08,35.92,D
38.03813,65.47802,338.14,0.68,0.74,2025-06-27,0731,N,nominal,2.0NRT,304.36,11.28,D
38.03571,65.47044,342.97,0.68,0.74,2025-06-27,0731,N,nominal,2.0NRT,303.68,7.86,D
39.80227,67.52112,330.34,0.48,0.65,2025-06-27,0731,N,low,2.0NRT,303.4,5.13,D
9.43449,78.73985,342.93,0.76,0.77,2025-06-27,0902,N,nominal,2.0NRT,288.79,8.99,D
9.43676,78.73857,339.19,0.76,0.77,2025-06-27,0902,N,nominal,2.0NRT,288.81,7.26,D
9.32926,77.41123,333.18,0.62,0.71,2025-06-27,0902,N,nominal,2.0NRT,289.03,6.7,D
9.91267,78.0705,333.01,0.7,0.75,2025-06-27,0902,N,nominal,2.0NRT,289.54,3.78,D
22.781,55.81811,347.35,0.41,0.45,2025-06-27,0907,N,nominal,2.0NRT,313.59,1.38,D
22.87613,55.92454,345.01,0.4,0.44,2025-06-27,0907,N,nominal,2.0NRT,314.05,0.72,D
23.1917,55.46318,342.25,0.42,0.45,2025-06-27,0907,N,nominal,2.0NRT,303.6,6.69,D
23.19092,55.45907,346.9,0.42,0.45,2025-06-27,0907,N,nominal,2.0NRT,305.36,6.69,D
24.50577,56.6088,343.98,0.52,0.42,2025-06-27,0905,N,nominal,2.0NRT,305.58,13.14,D
24.50331,56.60641,340.41,0.52,0.42,2025-06-27,0905,N,nominal,2.0NRT,305.88,14.66,D
27.31621,67.85317,337.78,0.5,0.49,2025-06-27,0905,N,nominal,2.0NRT,287.32,4.14,D
28.1026,67.633,335.56,0.49,0.49,2025-06-27,0905,N,nominal,2.0NRT,284.9,3.68,D
28.24978,67.94413,352.13,0.51,0.5,2025-06-27,0905,N,nominal,2.0NRT,290.27,12.44,D
28.25846,67.93772,343.47,0.51,0.5,2025-06-27,0905,N,nominal,2.0NRT,290.12,10.88,D
28.2636,67.94248,340.78,0.51,0.5,2025-06-27,0905,N,nominal,2.0NRT,291.37,8.38,D
28.25712,67.9349,344.92,0.51,0.5,2025-06-27,0905,N,nominal,2.0NRT,289.77,8.9,D
28.26733,67.94441,346.26,0.51,0.5,2025-06-27,0905,N,nominal,2.0NRT,290.27,7.91,D
28.2701,67.82661,341.26,0.51,0.49,2025-06-27,0905,N,nominal,2.0NRT,288.75,8.35,D
28.2696,67.82138,344.48,0.51,0.49,2025-06-27,0905,N,nominal,2.0NRT,288.69,5.71,D
28.34665,68.18703,343.17,0.53,0.5,2025-06-27,0905,N,nominal,2.0NRT,289.91,6.18,D
28.3827,67.79417,334.81,0.51,0.49,2025-06-27,0905,N,nominal,2.0NRT,293.24,3,D
28.47486,67.83609,336.04,0.51,0.49,2025-06-27,0905,N,nominal,2.0NRT,291.79,4.27,D
32.48685,62.20818,367,0.44,0.38,2025-06-27,0907,N,low,2.0NRT,325.8,2.04,D
32.48979,62.20286,350.29,0.44,0.38,2025-06-27,0907,N,low,2.0NRT,322.29,2.04,D
32.67992,62.14836,350.21,0.44,0.38,2025-06-27,0907,N,low,2.0NRT,323.01,4.03,D
37.02876,62.41329,367,0.5,0.41,2025-06-27,0909,N,low,2.0NRT,325.21,6.88,D
37.03316,62.41828,348.76,0.5,0.41,2025-06-27,0909,N,low,2.0NRT,322.46,16.6,D
37.03252,62.41265,367,0.5,0.41,2025-06-27,0909,N,low,2.0NRT,325.81,6.88,D
37.03627,62.412,367,0.5,0.41,2025-06-27,0909,N,low,2.0NRT,325.3,13.12,D
38.05029,67.27509,337.98,0.6,0.53,2025-06-27,0909,N,low,2.0NRT,309.59,14.44,D
38.04927,67.26093,346.85,0.6,0.53,2025-06-27,0909,N,nominal,2.0NRT,313.16,74.45,D
38.04979,67.26807,367,0.6,0.53,2025-06-27,0909,N,low,2.0NRT,338.4,74.45,D
38.05472,67.26739,352.86,0.6,0.53,2025-06-27,0909,N,nominal,2.0NRT,311.69,18.81,D
38.0542,67.26017,341.1,0.6,0.53,2025-06-27,0909,N,nominal,2.0NRT,310.74,18.81,D
38.05112,67.27412,336.65,0.6,0.53,2025-06-27,0909,N,low,2.0NRT,309.46,46.07,D
38.05017,67.25987,345.34,0.6,0.53,2025-06-27,0909,N,nominal,2.0NRT,312.54,32.5,D
38.05065,67.26706,367,0.6,0.53,2025-06-27,0909,N,low,2.0NRT,338.8,46.07,D
38.05559,67.26633,337.32,0.6,0.53,2025-06-27,0909,N,low,2.0NRT,309.44,46.07,D
37.64575,62.25405,343.47,0.5,0.41,2025-06-27,0909,N,nominal,2.0NRT,315.41,7.85,D
37.98178,65.07979,341.47,0.46,0.47,2025-06-27,0909,N,nominal,2.0NRT,312.19,3.96,D
37.98125,65.07667,340.57,0.46,0.47,2025-06-27,0909,N,low,2.0NRT,312.55,4.04,D
38.03644,65.4693,346.33,0.48,0.48,2025-06-27,0909,N,nominal,2.0NRT,313.01,9.34,D
37.45007,59.86973,347.09,0.41,0.37,2025-06-27,0909,N,low,2.0NRT,317.35,5.2,D
37.45287,59.86437,350.49,0.41,0.37,2025-06-27,0909,N,nominal,2.0NRT,313.79,4.5,D
37.78717,59.09386,344.95,0.4,0.37,2025-06-27,0909,N,low,2.0NRT,318.83,5.35,D
37.88643,58.92981,349.5,0.4,0.37,2025-06-27,0909,N,nominal,2.0NRT,317.01,8.47,D
37.94259,58.56381,341.25,0.39,0.36,2025-06-27,0909,N,low,2.0NRT,315.56,5.97,D
38.00066,58.54825,346.45,0.39,0.36,2025-06-27,0909,N,low,2.0NRT,318.91,7.06,D
38.00432,58.50161,344.1,0.39,0.36,2025-06-27,0909,N,low,2.0NRT,318.53,7.08,D
38.00369,58.49718,345.56,0.39,0.36,2025-06-27,0909,N,low,2.0NRT,318.21,8.48,D
38.01621,58.51265,345.71,0.39,0.36,2025-06-27,0909,N,low,2.0NRT,320.16,9.23,D
38.0439,58.32347,347.04,0.39,0.36,2025-06-27,0909,N,low,2.0NRT,321.21,10.12,D
38.9882,63.65647,345.6,0.4,0.44,2025-06-27,0909,N,low,2.0NRT,317.57,9.52,D
39.72701,66.89773,333.69,0.6,0.53,2025-06-27,0909,N,low,2.0NRT,306.76,3.54,D
26.57171,101.67007,303.85,0.48,0.65,2025-06-27,1811,N,nominal,2.0NRT,286.82,2.39,N
26.56533,101.67416,308.47,0.48,0.65,2025-06-27,1811,N,nominal,2.0NRT,288.29,3.81,N
26.50417,101.85111,304.43,0.47,0.64,2025-06-27,1811,N,nominal,2.0NRT,288.21,1.38,N
26.50194,101.85019,303.42,0.47,0.64,2025-06-27,1811,N,nominal,2.0NRT,288.01,1.66,N
25.51735,100.72594,296.16,0.54,0.68,2025-06-27,1811,N,nominal,2.0NRT,282.69,0.69,N
25.51486,100.72598,295.27,0.54,0.68,2025-06-27,1811,N,nominal,2.0NRT,282.78,0.68,N
30.94994,97.36497,297.68,0.5,0.49,2025-06-27,1949,N,nominal,2.0NRT,284.65,0.84,N
29.66193,90.90527,302.06,0.4,0.37,2025-06-27,1949,N,nominal,2.0NRT,288.24,1.44,N
29.65931,90.9003,302.75,0.4,0.37,2025-06-27,1949,N,nominal,2.0NRT,288.26,1.49,N
29.26359,91.92615,304.33,0.43,0.38,2025-06-27,1949,N,nominal,2.0NRT,287.35,1.44,N
26.57747,101.70021,300.42,0.56,0.69,2025-06-27,1949,N,nominal,2.0NRT,285.8,3.76,N
26.58003,101.66468,322.33,0.56,0.69,2025-06-27,1949,N,nominal,2.0NRT,284.84,5.18,N
26.57377,101.66306,316.32,0.56,0.69,2025-06-27,1949,N,nominal,2.0NRT,285.41,3.04,N
26.5724,101.66831,306.03,0.56,0.69,2025-06-27,1949,N,nominal,2.0NRT,286.78,3.04,N
26.57779,101.66424,331.09,0.56,0.69,2025-06-27,1949,N,nominal,2.0NRT,284.89,6.99,N
26.57661,101.66888,312.12,0.56,0.69,2025-06-27,1949,N,nominal,2.0NRT,286.91,6.11,N
29.2236,88.3541,307.59,0.39,0.36,2025-06-27,1949,N,nominal,2.0NRT,287.12,0.78,N
29.08599,88.01229,307.89,0.39,0.36,2025-06-27,1949,N,nominal,2.0NRT,283.21,0.81,N
29.08268,88.01165,295.34,0.39,0.36,2025-06-27,1949,N,nominal,2.0NRT,281.48,0.81,N
26.47971,81.5579,325.34,0.46,0.47,2025-06-27,1951,N,nominal,2.0NRT,290.2,6.14,N
25.03619,87.37957,314.36,0.39,0.36,2025-06-27,1951,N,nominal,2.0NRT,292.18,2.5,N
25.03404,87.37135,306.93,0.39,0.36,2025-06-27,1951,N,nominal,2.0NRT,291.9,1.7,N
23.68078,86.39136,296.85,0.39,0.36,2025-06-27,1951,N,nominal,2.0NRT,272.83,0.72,N
23.75681,85.85373,296.46,0.4,0.37,2025-06-27,1951,N,nominal,2.0NRT,268.55,0.54,N
23.61363,86.79036,298.64,0.39,0.36,2025-06-27,1951,N,nominal,2.0NRT,275.29,0.84,N
24.15698,82.56976,301.55,0.56,0.43,2025-06-27,1951,N,nominal,2.0NRT,272.48,1.79,N
23.68014,86.09377,313.38,0.4,0.37,2025-06-27,1951,N,nominal,2.0NRT,280.37,1.89,N
23.67661,86.08603,300.15,0.4,0.37,2025-06-27,1951,N,nominal,2.0NRT,282.39,1.24,N
21.5922,96.22796,311.09,0.33,0.56,2025-06-27,1951,N,nominal,2.0NRT,287.43,1.07,N
22.47434,91.7347,298.62,0.52,0.42,2025-06-27,1951,N,nominal,2.0NRT,273.28,0.69,N
22.37643,87.27935,322.4,0.38,0.36,2025-06-27,1951,N,nominal,2.0NRT,290.32,4,N
22.37701,87.27563,310.28,0.38,0.36,2025-06-27,1951,N,nominal,2.0NRT,289.32,2.48,N
22.3696,87.30101,304.42,0.38,0.36,2025-06-27,1951,N,nominal,2.0NRT,288.43,1.13,N
22.3663,87.30041,306.32,0.38,0.36,2025-06-27,1951,N,nominal,2.0NRT,287.94,1.13,N
22.36299,87.2998,306.92,0.38,0.36,2025-06-27,1951,N,nominal,2.0NRT,287.57,1.72,N
22.35755,87.29117,306.37,0.38,0.36,2025-06-27,1951,N,nominal,2.0NRT,289.77,1.78,N
22.36651,87.01784,312.39,0.38,0.36,2025-06-27,1951,N,nominal,2.0NRT,290.79,1.77,N
22.3632,87.01724,313.37,0.38,0.36,2025-06-27,1951,N,nominal,2.0NRT,290.56,1.77,N
22.35989,87.01665,311.45,0.38,0.36,2025-06-27,1951,N,nominal,2.0NRT,290.2,2.63,N
18.68681,73.02874,300.89,0.64,0.72,2025-06-27,1953,N,nominal,2.0NRT,284.92,3.68,N
15.02207,78.0139,303.3,0.55,0.51,2025-06-27,1953,N,nominal,2.0NRT,280.56,0.84,N
11.11082,77.67052,298.36,0.51,0.49,2025-06-27,1955,N,nominal,2.0NRT,274.17,0.33,N
39.86244,98.25417,295.83,0.55,0.43,2025-06-27,1947,N,nominal,2.0NRT,260.65,1.26,N
39.81246,98.29724,308.58,0.56,0.43,2025-06-27,1947,N,nominal,2.0NRT,259.38,2.07,N
39.79114,97.91214,296.5,0.54,0.42,2025-06-27,1947,N,nominal,2.0NRT,277.59,0.87,N
36.89146,101.75025,297.91,0.32,0.55,2025-06-27,1949,N,nominal,2.0NRT,283.99,1.14,N
36.59127,101.48792,296.15,0.63,0.54,2025-06-27,1949,N,nominal,2.0NRT,283.97,1.05,N
36.4404,101.60365,305.03,0.32,0.55,2025-06-27,1949,N,nominal,2.0NRT,282.21,1.16,N
37.34539,97.40942,300.88,0.56,0.43,2025-06-27,1949,N,nominal,2.0NRT,284.83,1.41,N
36.49589,61.7927,308.65,0.46,0.39,2025-06-27,2129,N,nominal,2.0NRT,291.28,0.65,N
36.47461,61.45805,303.38,0.48,0.4,2025-06-27,2129,N,nominal,2.0NRT,291.83,0.86,N
36.4629,60.84809,318.36,0.51,0.41,2025-06-27,2129,N,nominal,2.0NRT,293.06,1.69,N
36.94886,54.88878,300.48,0.35,0.57,2025-06-27,2129,N,nominal,2.0NRT,287.15,1.3,N
36.47954,59.74677,304.55,0.57,0.43,2025-06-27,2129,N,nominal,2.0NRT,291.01,1.48,N
36.44988,59.40103,305.42,0.4,0.44,2025-06-27,2129,N,nominal,2.0NRT,293.02,0.85,N
36.29956,59.77293,305.91,0.57,0.43,2025-06-27,2129,N,nominal,2.0NRT,286.83,1.26,N
36.27199,59.6481,306.21,0.38,0.43,2025-06-27,2129,N,nominal,2.0NRT,292.64,0.76,N
36.2381,59.73071,302,0.57,0.43,2025-06-27,2129,N,nominal,2.0NRT,290.41,0.88,N
33.545,71.5512,305.93,0.42,0.45,2025-06-27,2129,N,nominal,2.0NRT,291.35,3.08,N
35.35598,60.21465,301.27,0.53,0.42,2025-06-27,2129,N,nominal,2.0NRT,289.45,1.2,N
32.72123,72.924,302.98,0.52,0.5,2025-06-27,2129,N,nominal,2.0NRT,290.45,1.2,N
28.74432,76.92701,303.66,0.54,0.68,2025-06-27,2131,N,nominal,2.0NRT,287.04,1.39,N
31.62103,54.72358,309.39,0.32,0.55,2025-06-27,2131,N,nominal,2.0NRT,295.87,1.53,N
31.62294,54.72485,316.53,0.32,0.54,2025-06-27,2131,N,nominal,2.0NRT,296.95,2.01,N
39.85555,66.20116,304.72,0.39,0.36,2025-06-27,2127,N,nominal,2.0NRT,293.94,0.93,N
39.64816,64.33836,325.41,0.41,0.37,2025-06-27,2127,N,nominal,2.0NRT,289.02,2.7,N
39.20245,66.8364,306.74,0.38,0.36,2025-06-27,2127,N,nominal,2.0NRT,295.14,1.04,N
39.18882,65.28887,309.34,0.39,0.36,2025-06-27,2127,N,nominal,2.0NRT,297.98,1.58,N
30.2337,56.90693,304.72,0.46,0.47,2025-06-27,2131,N,nominal,2.0NRT,293.69,1.25,N
39.43219,62.99485,302.84,0.45,0.39,2025-06-27,2127,N,nominal,2.0NRT,292.41,0.94,N
39.28373,63.04514,307.2,0.44,0.39,2025-06-27,2127,N,nominal,2.0NRT,293.69,0.82,N
30.3239,55.97176,306.44,0.52,0.5,2025-06-27,2131,N,nominal,2.0NRT,293.44,0.96,N
39.27913,63.08124,305.6,0.44,0.39,2025-06-27,2127,N,nominal,2.0NRT,294.01,0.72,N
39.25145,63.21213,312.15,0.44,0.38,2025-06-27,2127,N,nominal,2.0NRT,294.96,1.53,N
39.16094,63.46712,301.65,0.43,0.38,2025-06-27,2127,N,nominal,2.0NRT,291.46,0.46,N
39.15745,63.46637,304.39,0.43,0.38,2025-06-27,2127,N,nominal,2.0NRT,290.77,0.46,N
39.17354,63.28417,309.21,0.44,0.38,2025-06-27,2127,N,nominal,2.0NRT,294.93,0.91,N
39.17035,63.25231,308.51,0.44,0.38,2025-06-27,2127,N,nominal,2.0NRT,294.69,0.98,N
39.16971,63.25737,311.85,0.44,0.38,2025-06-27,2127,N,nominal,2.0NRT,295.09,1.38,N
39.16555,63.26168,311.73,0.44,0.38,2025-06-27,2127,N,nominal,2.0NRT,295.1,1.67,N
39.16629,63.26023,314.37,0.44,0.38,2025-06-27,2127,N,nominal,2.0NRT,294.12,1.04,N
39.16277,63.25948,305.74,0.44,0.38,2025-06-27,2127,N,nominal,2.0NRT,293.42,1.04,N
39.15488,63.32001,305.93,0.43,0.38,2025-06-27,2127,N,nominal,2.0NRT,293.42,0.71,N
39.13125,63.418,306.34,0.43,0.38,2025-06-27,2127,N,nominal,2.0NRT,293.14,1.47,N
39.12746,63.30899,312.63,0.43,0.38,2025-06-27,2127,N,nominal,2.0NRT,294.1,1.14,N
39.11654,63.33765,311.39,0.43,0.38,2025-06-27,2127,N,nominal,2.0NRT,293.99,0.95,N
39.09304,63.43544,303.66,0.43,0.38,2025-06-27,2127,N,nominal,2.0NRT,291.72,0.5,N
38.68121,65.95542,310.66,0.39,0.36,2025-06-27,2127,N,nominal,2.0NRT,293.39,1.69,N
38.93979,64.13612,313.38,0.41,0.37,2025-06-27,2127,N,nominal,2.0NRT,292.76,1.33,N
38.94127,64.13466,318.17,0.41,0.37,2025-06-27,2127,N,nominal,2.0NRT,293.36,1.14,N
39.00237,63.63269,307.84,0.42,0.38,2025-06-27,2127,N,nominal,2.0NRT,292.51,1.04,N
38.96209,63.69426,306.15,0.42,0.38,2025-06-27,2127,N,nominal,2.0NRT,291.71,0.9,N
38.97387,63.46955,308.78,0.43,0.38,2025-06-27,2127,N,nominal,2.0NRT,294.11,0.79,N
38.9099,63.79268,305,0.42,0.38,2025-06-27,2127,N,nominal,2.0NRT,291.98,0.47,N
38.87207,63.79731,314.75,0.42,0.38,2025-06-27,2127,N,nominal,2.0NRT,293.13,1.07,N
39.50917,54.32636,308.52,0.4,0.6,2025-06-27,2129,N,nominal,2.0NRT,295.21,0.76,N
38.05936,67.29214,306.31,0.39,0.36,2025-06-27,2129,N,nominal,2.0NRT,293.33,0.55,N
38.05606,67.29125,308.09,0.39,0.36,2025-06-27,2129,N,nominal,2.0NRT,293.8,0.55,N
38.05716,67.26405,305.93,0.39,0.36,2025-06-27,2129,N,nominal,2.0NRT,295.54,3.24,N
38.05642,67.26843,306.26,0.39,0.36,2025-06-27,2129,N,nominal,2.0NRT,295.54,3.24,N
38.05386,67.26316,340.06,0.39,0.36,2025-06-27,2129,N,nominal,2.0NRT,308.36,3.24,N
38.05312,67.26757,335.36,0.39,0.36,2025-06-27,2129,N,nominal,2.0NRT,302.71,3.24,N
38.05055,67.26229,340.94,0.39,0.36,2025-06-27,2129,N,nominal,2.0NRT,306.55,11.91,N
38.04982,67.26669,333.45,0.39,0.36,2025-06-27,2129,N,nominal,2.0NRT,304.36,11.91,N
38.02521,67.31065,321.64,0.39,0.36,2025-06-27,2129,N,nominal,2.0NRT,295.18,1.99,N
38.20711,64.74131,315.07,0.4,0.37,2025-06-27,2129,N,nominal,2.0NRT,292.05,1.02,N
38.20671,64.73849,309.21,0.4,0.37,2025-06-27,2129,N,nominal,2.0NRT,290.3,0.78,N
38.24638,64.43859,302.52,0.4,0.37,2025-06-27,2129,N,nominal,2.0NRT,291.7,0.9,N
38.16523,64.5937,312.24,0.4,0.37,2025-06-27,2129,N,nominal,2.0NRT,293.31,1.02,N
38.09433,65.03582,302.05,0.39,0.36,2025-06-27,2129,N,nominal,2.0NRT,291.43,0.36,N
29.47676,60.80672,308.79,0.43,0.38,2025-06-27,2131,N,nominal,2.0NRT,293.93,1.01,N
38.1295,64.67411,310.86,0.4,0.37,2025-06-27,2129,N,nominal,2.0NRT,293.71,1.12,N
38.05596,64.88626,305.69,0.39,0.36,2025-06-27,2129,N,nominal,2.0NRT,294.14,0.69,N
30.07976,55.40047,304.85,0.56,0.51,2025-06-27,2131,N,nominal,2.0NRT,291.62,1.21,N
29.92793,56.73457,304.43,0.47,0.47,2025-06-27,2131,N,nominal,2.0NRT,290.98,1,N
39.04389,54.25049,352.67,0.4,0.6,2025-06-27,2129,N,nominal,2.0NRT,295.92,4.73,N
39.0383,54.24994,367,0.4,0.6,2025-06-27,2129,N,high,2.0NRT,295.11,7.13,N
37.90516,65.10561,306.92,0.39,0.36,2025-06-27,2129,N,nominal,2.0NRT,293.99,0.81,N
37.8872,65.08767,305.85,0.39,0.36,2025-06-27,2129,N,nominal,2.0NRT,293.57,0.63,N
37.82969,65.17439,305.65,0.39,0.36,2025-06-27,2129,N,nominal,2.0NRT,294.16,0.86,N
37.82637,65.17361,314.05,0.39,0.36,2025-06-27,2129,N,nominal,2.0NRT,294.73,0.86,N
37.75919,65.4906,303.33,0.39,0.36,2025-06-27,2129,N,nominal,2.0NRT,292.25,0.35,N
37.73408,65.49809,303.26,0.39,0.36,2025-06-27,2129,N,nominal,2.0NRT,293.05,0.45,N
38.85264,54.2313,318.96,0.4,0.6,2025-06-27,2129,N,nominal,2.0NRT,291.87,1.38,N
38.84266,54.20649,305.55,0.4,0.6,2025-06-27,2129,N,nominal,2.0NRT,290.97,0.51,N
37.74714,65.20697,303.93,0.39,0.36,2025-06-27,2129,N,nominal,2.0NRT,293.65,0.49,N
37.66494,65.28492,305.34,0.39,0.36,2025-06-27,2129,N,nominal,2.0NRT,293.35,0.73,N
37.58525,65.78381,303.62,0.38,0.36,2025-06-27,2129,N,nominal,2.0NRT,291.41,0.48,N
37.96036,62.66354,308.33,0.45,0.39,2025-06-27,2129,N,nominal,2.0NRT,293.87,1.44,N
37.98913,61.88071,305.17,0.48,0.4,2025-06-27,2129,N,nominal,2.0NRT,293.72,1.43,N
37.9848,61.88546,318.76,0.48,0.4,2025-06-27,2129,N,nominal,2.0NRT,294.66,2.23,N
37.88748,62.02043,308.59,0.47,0.4,2025-06-27,2129,N,nominal,2.0NRT,292.21,0.78,N
38.25505,58.39043,314.12,0.47,0.48,2025-06-27,2129,N,nominal,2.0NRT,296.12,1.44,N
37.79971,62.54895,318.33,0.45,0.39,2025-06-27,2129,N,nominal,2.0NRT,294.4,1.36,N
37.79614,62.54822,310.49,0.45,0.39,2025-06-27,2129,N,nominal,2.0NRT,291.43,1.36,N
37.7903,62.5366,318.57,0.45,0.39,2025-06-27,2129,N,nominal,2.0NRT,294.11,1.52,N
37.78445,62.52495,320.91,0.45,0.39,2025-06-27,2129,N,nominal,2.0NRT,294.43,2.05,N
38.26228,57.65743,308.93,0.51,0.5,2025-06-27,2129,N,nominal,2.0NRT,297.55,1.82,N
38.22187,57.98653,304.83,0.49,0.49,2025-06-27,2129,N,nominal,2.0NRT,294.4,0.92,N
28.17184,67.86662,298.36,0.51,0.41,2025-06-27,2131,N,nominal,2.0NRT,265.5,0.73,N
38.26306,57.65697,309.29,0.51,0.49,2025-06-27,2129,N,nominal,2.0NRT,296.94,1.61,N
38.22017,57.99124,310.14,0.49,0.49,2025-06-27,2129,N,nominal,2.0NRT,295.1,2,N
37.84532,61.60346,307.56,0.49,0.4,2025-06-27,2129,N,nominal,2.0NRT,293.24,1.26,N
37.77731,62.10117,307.78,0.47,0.39,2025-06-27,2129,N,nominal,2.0NRT,293.71,1.05,N
38.19673,58.10227,308.88,0.48,0.48,2025-06-27,2129,N,nominal,2.0NRT,295.21,1.08,N
37.77855,62.03069,301.43,0.47,0.4,2025-06-27,2129,N,nominal,2.0NRT,291.13,0.37,N
37.74374,62.1325,305.54,0.46,0.39,2025-06-27,2129,N,nominal,2.0NRT,292.02,0.88,N
37.72587,62.09655,324.24,0.46,0.39,2025-06-27,2129,N,nominal,2.0NRT,292.28,1.75,N
37.67172,62.23536,311.65,0.46,0.39,2025-06-27,2129,N,nominal,2.0NRT,291.02,0.95,N
37.66026,62.23844,313.15,0.46,0.39,2025-06-27,2129,N,nominal,2.0NRT,290.85,1,N
37.656,62.24294,305.91,0.46,0.39,2025-06-27,2129,N,nominal,2.0NRT,290.79,1,N
37.63827,62.20741,308.59,0.46,0.39,2025-06-27,2129,N,nominal,2.0NRT,293.78,1.7,N
37.65639,61.90748,314.15,0.47,0.4,2025-06-27,2129,N,nominal,2.0NRT,293.83,2.1,N
37.62628,62.12461,303.92,0.46,0.39,2025-06-27,2129,N,nominal,2.0NRT,292.26,0.71,N
37.62073,62.13968,312.8,0.46,0.39,2025-06-27,2129,N,nominal,2.0NRT,295.32,1.49,N
37.61776,62.13371,305.89,0.46,0.39,2025-06-27,2129,N,nominal,2.0NRT,292.56,1.49,N
37.56161,62.19536,311.94,0.46,0.39,2025-06-27,2129,N,nominal,2.0NRT,293.28,1.21,N
37.94257,58.56245,309.97,0.45,0.47,2025-06-27,2129,N,nominal,2.0NRT,294.48,1.57,N
37.61488,61.6081,318.45,0.48,0.4,2025-06-27,2129,N,nominal,2.0NRT,291.32,1.69,N
37.61118,61.60741,323.09,0.48,0.4,2025-06-27,2129,N,nominal,2.0NRT,295.52,1.69,N
37.61513,61.57426,310.74,0.49,0.4,2025-06-27,2129,N,nominal,2.0NRT,293.77,1.28,N
37.61447,61.5798,307.89,0.49,0.4,2025-06-27,2129,N,nominal,2.0NRT,294.19,1.28,N
37.90594,58.813,303.88,0.44,0.46,2025-06-27,2129,N,nominal,2.0NRT,290.89,0.79,N
37.61142,61.57356,310.04,0.49,0.4,2025-06-27,2129,N,nominal,2.0NRT,292.43,2.67,N
37.60598,61.55556,306.61,0.49,0.4,2025-06-27,2129,N,nominal,2.0NRT,292.54,1.97,N
37.55663,61.93531,309.1,0.47,0.4,2025-06-27,2129,N,nominal,2.0NRT,292.47,1.28,N
37.59811,61.52571,318.27,0.49,0.4,2025-06-27,2129,N,nominal,2.0NRT,292.3,2.42,N
37.59375,61.53056,310.37,0.49,0.4,2025-06-27,2129,N,nominal,2.0NRT,292.78,2.32,N
37.4895,62.18119,304.93,0.46,0.39,2025-06-27,2129,N,nominal,2.0NRT,290.72,0.79,N
37.50158,61.98995,305.45,0.47,0.39,2025-06-27,2129,N,nominal,2.0NRT,291.7,1.01,N
37.44701,62.0753,310.38,0.46,0.39,2025-06-27,2129,N,nominal,2.0NRT,290.68,0.9,N
37.83086,58.38206,303.84,0.46,0.47,2025-06-27,2129,N,nominal,2.0NRT,292.53,0.79,N
37.40646,62.31175,301.2,0.45,0.39,2025-06-27,2129,N,nominal,2.0NRT,290.18,0.48,N
37.51125,61.01511,311.28,0.51,0.41,2025-06-27,2129,N,nominal,2.0NRT,293.09,1.6,N
37.50235,61.02538,301.29,0.51,0.41,2025-06-27,2129,N,nominal,2.0NRT,291.07,1.42,N
37.5036,61.0247,307.05,0.51,0.41,2025-06-27,2129,N,nominal,2.0NRT,291.98,1.01,N
37.34911,61.36331,314.34,0.49,0.41,2025-06-27,2129,N,nominal,2.0NRT,292.71,1.75,N
37.34895,61.36238,310.87,0.49,0.4,2025-06-27,2129,N,nominal,2.0NRT,291.63,1.27,N
37.22062,62.39706,307.88,0.45,0.39,2025-06-27,2129,N,nominal,2.0NRT,289.95,1.01,N
37.12126,62.36002,306.98,0.45,0.39,2025-06-27,2129,N,nominal,2.0NRT,292.13,1.94,N
37.12061,62.36507,306.55,0.45,0.39,2025-06-27,2129,N,nominal,2.0NRT,292.65,1.94,N
37.11704,62.36437,320.6,0.45,0.39,2025-06-27,2129,N,nominal,2.0NRT,293.81,1.94,N
37.11348,62.36367,303.82,0.45,0.39,2025-06-27,2129,N,nominal,2.0NRT,293.26,1.97,N
37.03397,62.41506,327.01,0.45,0.39,2025-06-27,2129,N,nominal,2.0NRT,293.93,4.03,N
37.03333,62.42008,311.61,0.45,0.39,2025-06-27,2129,N,nominal,2.0NRT,294.36,4.03,N
37.18378,60.74281,333.96,0.52,0.42,2025-06-27,2129,N,nominal,2.0NRT,291.44,4.55,N
37.1831,60.74873,305.49,0.52,0.42,2025-06-27,2129,N,nominal,2.0NRT,290.65,1.15,N
37.45405,57.68544,306.78,0.5,0.49,2025-06-27,2129,N,nominal,2.0NRT,290.82,1.33,N
37.31819,55.50655,301.13,0.33,0.55,2025-06-27,2129,N,nominal,2.0NRT,286.59,0.39,N
27.42113,56.50155,309.66,0.45,0.47,2025-06-27,2131,N,nominal,2.0NRT,289.85,2.08,N
27.4243,56.50018,308.54,0.45,0.47,2025-06-27,2131,N,nominal,2.0NRT,290.17,2.22,N
27.30421,56.30188,310.62,0.46,0.47,2025-06-27,2131,N,nominal,2.0NRT,290.4,2.48,N
27.16693,56.04978,303.34,0.47,0.48,2025-06-27,2131,N,nominal,2.0NRT,281.13,2.12,N
27.16142,56.10253,305.9,0.47,0.48,2025-06-27,2131,N,nominal,2.0NRT,284.18,2.38,N
26.85432,55.84958,311.66,0.48,0.48,2025-06-27,2131,N,nominal,2.0NRT,293.18,1.17,N
26.84987,55.84891,308.42,0.48,0.48,2025-06-27,2131,N,nominal,2.0NRT,292.85,1.17,N
26.85188,55.85164,328.71,0.48,0.48,2025-06-27,2131,N,nominal,2.0NRT,293.43,2.87,N
21.76039,71.9515,297.89,0.39,0.59,2025-06-27,2133,N,nominal,2.0NRT,278.92,1.24,N
23.19222,55.4571,323.65,0.46,0.47,2025-06-27,2133,N,nominal,2.0NRT,278.15,2.98,N
23.27995,54.26147,341.02,0.55,0.51,2025-06-27,2133,N,nominal,2.0NRT,291.82,12.08,N
23.2794,54.26689,331.63,0.55,0.51,2025-06-27,2133,N,nominal,2.0NRT,291.02,7.36,N
23.29545,54.23883,307.11,0.55,0.51,2025-06-27,2133,N,nominal,2.0NRT,290.6,2.44,N
23.28301,54.26471,311.8,0.55,0.51,2025-06-27,2133,N,nominal,2.0NRT,290.12,7.82,N
23.2783,54.26407,355.43,0.55,0.51,2025-06-27,2133,N,nominal,2.0NRT,292.91,7.82,N
23.27889,54.25866,307.45,0.55,0.51,2025-06-27,2133,N,nominal,2.0NRT,290.04,7.82,N
23.27771,54.26949,305.98,0.54,0.51,2025-06-27,2133,N,nominal,2.0NRT,288.47,3.42,N
23.27358,54.26345,306.62,0.55,0.51,2025-06-27,2133,N,nominal,2.0NRT,289.2,3.09,N
22.78363,55.81743,310.53,0.43,0.46,2025-06-27,2133,N,nominal,2.0NRT,293.5,2.71,N
22.67219,56.24805,316.7,0.41,0.45,2025-06-27,2133,N,nominal,2.0NRT,300.28,1.33,N
22.44331,56.70144,331.17,0.57,0.43,2025-06-27,2133,N,nominal,2.0NRT,301.71,2.85,N
22.40261,56.98991,321.14,0.55,0.43,2025-06-27,2133,N,nominal,2.0NRT,299.46,6.99,N
22.34467,56.43362,312.47,0.39,0.44,2025-06-27,2133,N,nominal,2.0NRT,301.19,1.35,N
22.33234,56.46682,311.44,0.39,0.44,2025-06-27,2133,N,nominal,2.0NRT,301.22,0.76,N
21.93824,57.07509,331.54,0.54,0.42,2025-06-27,2133,N,nominal,2.0NRT,295.97,5.67,N
21.89186,56.84589,305.68,0.55,0.43,2025-06-27,2133,N,nominal,2.0NRT,280.19,1.62,N
19.02024,72.89359,301.33,0.5,0.66,2025-06-27,2133,N,nominal,2.0NRT,285.08,1.01,N
21.83408,56.68195,312.03,0.56,0.43,2025-06-27,2133,N,nominal,2.0NRT,295.17,1.06,N
21.41004,55.74253,300.32,0.42,0.45,2025-06-27,2133,N,nominal,2.0NRT,268.15,0.47,N
21.40904,55.74377,297.27,0.42,0.45,2025-06-27,2133,N,nominal,2.0NRT,268.09,0.62,N
21.25828,56.31782,324.18,0.39,0.44,2025-06-27,2133,N,nominal,2.0NRT,293.55,1.63,N
20.70642,55.4318,299.17,0.43,0.46,2025-06-27,2133,N,nominal,2.0NRT,280.7,0.41,N
20.70741,55.42972,300.7,0.43,0.46,2025-06-27,2133,N,nominal,2.0NRT,281.68,0.4,N
18.03319,54.64232,304.87,0.44,0.46,2025-06-27,2136,N,nominal,2.0NRT,281.21,1.14,N
39.04516,54.25152,322.6,0.41,0.61,2025-06-27,2309,N,nominal,2.0NRT,292,2.97,N
39.0398,54.24909,367,0.41,0.61,2025-06-27,2309,N,high,2.0NRT,294.92,2.97,N
39.03849,54.25373,301.65,0.41,0.61,2025-06-27,2309,N,nominal,2.0NRT,290.59,2.97,N
39.04186,54.24857,343.12,0.41,0.61,2025-06-27,2309,N,nominal,2.0NRT,292.23,8.45,N
39.04058,54.25321,350.47,0.41,0.61,2025-06-27,2309,N,nominal,2.0NRT,292.9,6.64,N
38.85522,54.23407,320.54,0.42,0.61,2025-06-27,2309,N,nominal,2.0NRT,291.17,1.16,N
38.84986,54.23154,306.61,0.42,0.61,2025-06-27,2309,N,nominal,2.0NRT,290.21,0.63,N
31.94246,54.04304,304.28,0.62,0.71,2025-06-27,2312,N,nominal,2.0NRT,291.54,1.72,N
5.72503,101.0841,339.44,0.41,0.45,2025-06-28,0701,N,nominal,2.0NRT,293.5,5.98,D
6.45415,101.12341,330.02,0.42,0.45,2025-06-28,0659,N,nominal,2.0NRT,295.8,1.75,D
14.24288,79.86322,332.58,0.72,0.76,2025-06-28,0703,N,nominal,2.0NRT,287.97,6.77,D
24.66114,100.8437,336.82,0.35,0.57,2025-06-28,0703,N,nominal,2.0NRT,291.16,4.41,D
24.66623,100.84142,334.37,0.35,0.57,2025-06-28,0703,N,nominal,2.0NRT,286.2,3.66,D
25.78151,92.79707,335.29,0.4,0.37,2025-06-28,0705,N,nominal,2.0NRT,292.39,4.54,D
7.36259,81.17923,367,0.5,0.66,2025-06-28,0841,N,high,2.0NRT,290.22,10.01,D
7.36325,81.18417,327.69,0.5,0.66,2025-06-28,0841,N,nominal,2.0NRT,288.92,8.88,D
7.54575,81.24944,327.23,0.51,0.66,2025-06-28,0841,N,nominal,2.0NRT,289.9,4.43,D
25.89739,82.93739,342.2,0.54,0.51,2025-06-28,0705,N,nominal,2.0NRT,292.14,10.28,D
26.64468,79.47637,331.88,0.42,0.61,2025-06-28,0705,N,nominal,2.0NRT,287.46,4.82,D
29.67026,91.20929,339.45,0.39,0.36,2025-06-28,0705,N,nominal,2.0NRT,287.6,2.91,D
29.66968,91.20526,336.94,0.39,0.36,2025-06-28,0705,N,nominal,2.0NRT,288.6,2.91,D
31.0747,75.30554,329.5,0.57,0.69,2025-06-28,0707,N,nominal,2.0NRT,272.32,4.4,D
31.24559,75.57291,331.79,0.55,0.68,2025-06-28,0707,N,nominal,2.0NRT,272.38,4.64,D
8.24723,77.77474,336.23,0.6,0.53,2025-06-28,0841,N,nominal,2.0NRT,293.94,4.11,D
8.59873,78.12663,341.5,0.32,0.55,2025-06-28,0841,N,nominal,2.0NRT,294.46,4.26,D
8.85009,77.98499,330.56,0.32,0.54,2025-06-28,0841,N,nominal,2.0NRT,295.43,0.96,D
9.54829,78.0519,333.3,0.33,0.55,2025-06-28,0841,N,nominal,2.0NRT,294.76,1.86,D
10.76472,78.65821,339.63,0.38,0.58,2025-06-28,0841,N,nominal,2.0NRT,293.44,3.38,D
11.05962,79.31244,336.94,0.42,0.61,2025-06-28,0841,N,nominal,2.0NRT,290.87,3.48,D
11.06174,79.31214,336.73,0.42,0.61,2025-06-28,0841,N,nominal,2.0NRT,290.81,3.78,D
11.09815,77.38754,330.73,0.62,0.54,2025-06-28,0841,N,nominal,2.0NRT,292.22,3.87,D
14.62869,75.84051,338.22,0.55,0.51,2025-06-28,0843,N,nominal,2.0NRT,294.2,4.24,D
15.94115,78.34995,332.84,0.42,0.61,2025-06-28,0843,N,nominal,2.0NRT,290.79,2.96,D
15.94255,78.34838,333.94,0.42,0.61,2025-06-28,0843,N,nominal,2.0NRT,290.77,3.56,D
18.31889,55.10273,337.84,0.55,0.68,2025-06-28,0845,N,nominal,2.0NRT,303.6,2.26,D
18.68906,55.50528,344.98,0.51,0.66,2025-06-28,0845,N,nominal,2.0NRT,302.24,3.57,D
22.51104,71.41019,337.5,0.55,0.43,2025-06-28,0845,N,nominal,2.0NRT,290.63,4.25,D
22.3342,56.46663,342.93,0.37,0.58,2025-06-28,0845,N,nominal,2.0NRT,305.55,1.89,D
22.34627,56.43245,341.45,0.37,0.58,2025-06-28,0845,N,nominal,2.0NRT,305.23,1.49,D
23.15633,55.44693,344.35,0.42,0.61,2025-06-28,0845,N,nominal,2.0NRT,305.03,1.82,D
23.28032,54.26622,344.48,0.49,0.65,2025-06-28,0845,N,nominal,2.0NRT,292.12,10.8,D
23.27917,54.26144,357.03,0.49,0.65,2025-06-28,0845,N,low,2.0NRT,292.76,10.8,D
24.50732,56.60743,353.79,0.33,0.55,2025-06-28,0848,N,nominal,2.0NRT,296.37,5.43,D
26.85283,67.66987,336.47,0.42,0.38,2025-06-28,0848,N,nominal,2.0NRT,295.54,1.53,D
26.92745,67.97673,335.1,0.43,0.38,2025-06-28,0848,N,nominal,2.0NRT,298.51,7.64,D
26.88859,67.66069,337.47,0.42,0.38,2025-06-28,0848,N,nominal,2.0NRT,294.73,4.81,D
26.9816,67.65445,336.86,0.42,0.38,2025-06-28,0848,N,nominal,2.0NRT,294.33,1.38,D
27.12077,67.73142,337.93,0.42,0.38,2025-06-28,0848,N,nominal,2.0NRT,294.14,3.61,D
27.175,67.63545,341.95,0.42,0.38,2025-06-28,0848,N,nominal,2.0NRT,298.2,10.54,D
27.17352,67.63642,340.35,0.42,0.38,2025-06-28,0848,N,nominal,2.0NRT,298.07,11.3,D
27.21019,67.77838,337.41,0.42,0.38,2025-06-28,0848,N,nominal,2.0NRT,297.29,5.69,D
27.22763,67.72296,341.17,0.42,0.38,2025-06-28,0848,N,nominal,2.0NRT,298.18,9.14,D
27.34124,68.11678,336.56,0.44,0.38,2025-06-28,0848,N,nominal,2.0NRT,297.03,4.73,D
27.30591,67.85474,342.56,0.43,0.38,2025-06-28,0848,N,nominal,2.0NRT,297.06,7.87,D
27.52714,68.82693,330.7,0.47,0.4,2025-06-28,0848,N,nominal,2.0NRT,299.1,10.43,D
27.45734,68.18108,337.99,0.44,0.38,2025-06-28,0848,N,nominal,2.0NRT,297.77,6.29,D
27.5995,68.31646,335.96,0.45,0.39,2025-06-28,0848,N,nominal,2.0NRT,300.72,5.27,D
27.64349,68.29079,354.08,0.45,0.39,2025-06-28,0848,N,nominal,2.0NRT,298.17,17.06,D
27.59548,67.87197,350.03,0.43,0.38,2025-06-28,0848,N,nominal,2.0NRT,295.72,7.14,D
27.63935,67.9587,339.06,0.43,0.38,2025-06-28,0848,N,nominal,2.0NRT,294.24,7.5,D
27.6707,68.13928,336.13,0.44,0.38,2025-06-28,0848,N,nominal,2.0NRT,296.75,5.96,D
27.67018,68.14062,336.1,0.44,0.38,2025-06-28,0848,N,nominal,2.0NRT,296.67,6.58,D
27.72382,68.19139,337.09,0.44,0.39,2025-06-28,0848,N,nominal,2.0NRT,293.42,1.8,D
27.69242,67.84344,342.45,0.43,0.38,2025-06-28,0848,N,nominal,2.0NRT,299.74,12.93,D
27.77057,68.38322,340.67,0.45,0.39,2025-06-28,0848,N,nominal,2.0NRT,298.55,10.12,D
27.76998,68.37863,336.92,0.45,0.39,2025-06-28,0848,N,nominal,2.0NRT,298.29,7.83,D
27.81658,68.24672,339.72,0.45,0.39,2025-06-28,0848,N,nominal,2.0NRT,297.25,7.63,D
28.79294,79.25869,326.27,0.65,0.73,2025-06-28,0848,N,nominal,2.0NRT,285.66,5.83,D
27.93611,68.22479,335.06,0.45,0.39,2025-06-28,0848,N,nominal,2.0NRT,298.24,7.05,D
28.05142,68.51826,336.49,0.46,0.39,2025-06-28,0848,N,nominal,2.0NRT,297.18,6.79,D
28.06057,67.5863,344.91,0.42,0.38,2025-06-28,0848,N,nominal,2.0NRT,301.49,16.39,D
28.10465,67.75694,350.34,0.43,0.38,2025-06-28,0848,N,nominal,2.0NRT,301.39,16.26,D
28.26841,68.7084,338.42,0.47,0.4,2025-06-28,0848,N,nominal,2.0NRT,297.97,6.13,D
28.24383,67.97025,348.73,0.44,0.38,2025-06-28,0848,N,nominal,2.0NRT,301.49,15.68,D
28.24325,67.96577,342.29,0.44,0.38,2025-06-28,0848,N,nominal,2.0NRT,301.31,12.86,D
28.32941,68.60737,339.45,0.47,0.39,2025-06-28,0848,N,nominal,2.0NRT,299.75,14.7,D
39.03923,54.25539,356.8,0.78,0.78,2025-06-28,1032,N,nominal,2.0NRT,310.41,17.15,D
39.03866,54.25426,353.12,0.78,0.78,2025-06-28,1032,N,nominal,2.0NRT,309.73,16,D
28.64343,70.05165,330.14,0.55,0.43,2025-06-28,0848,N,nominal,2.0NRT,298.23,5.3,D
28.45123,68.04989,339.29,0.44,0.39,2025-06-28,0848,N,nominal,2.0NRT,300.11,9.09,D
26.84921,55.85189,343.27,0.33,0.55,2025-06-28,0848,N,nominal,2.0NRT,301.09,2.44,D
29.51072,72.04746,333.28,0.49,0.48,2025-06-28,0848,N,nominal,2.0NRT,291.89,9.43,D
29.50754,72.04477,344.94,0.49,0.48,2025-06-28,0848,N,nominal,2.0NRT,292.04,10.17,D
29.59707,72.16872,335.6,0.5,0.49,2025-06-28,0848,N,nominal,2.0NRT,293.97,3.87,D
29.63166,72.28337,330.95,0.5,0.49,2025-06-28,0848,N,nominal,2.0NRT,289.25,3.91,D
27.17089,56.05348,341.07,0.63,0.54,2025-06-28,0848,N,nominal,2.0NRT,300.38,8.87,D
29.72744,72.04014,343.71,0.49,0.48,2025-06-28,0848,N,nominal,2.0NRT,292.67,6.91,D
27.17059,56.05323,340.03,0.63,0.54,2025-06-28,0848,N,nominal,2.0NRT,300.61,5.83,D
29.7416,72.03131,351.26,0.49,0.48,2025-06-28,0848,N,nominal,2.0NRT,292.64,11.65,D
29.81117,72.62762,335.08,0.53,0.5,2025-06-28,0848,N,nominal,2.0NRT,294.63,5.84,D
29.8397,72.73209,335.76,0.54,0.51,2025-06-28,0848,N,nominal,2.0NRT,294.49,4.9,D
29.84649,72.70274,339.8,0.54,0.51,2025-06-28,0848,N,nominal,2.0NRT,295.19,5.87,D
29.85119,72.70221,330.26,0.54,0.51,2025-06-28,0848,N,nominal,2.0NRT,294.3,4.03,D
29.81958,72.3666,330.85,0.51,0.5,2025-06-28,0848,N,nominal,2.0NRT,294.54,5.24,D
29.79308,71.99902,336.29,0.49,0.48,2025-06-28,0848,N,nominal,2.0NRT,292.85,3.68,D
29.85456,72.0509,342.96,0.49,0.49,2025-06-28,0848,N,nominal,2.0NRT,295.18,8.51,D
29.89256,72.25791,330.22,0.51,0.49,2025-06-28,0848,N,nominal,2.0NRT,293.31,5.99,D
29.94208,72.43687,330.03,0.52,0.5,2025-06-28,0848,N,nominal,2.0NRT,295.59,1.18,D
29.99152,72.86268,331.9,0.55,0.51,2025-06-28,0848,N,nominal,2.0NRT,296.08,4.28,D
29.92445,72.15795,332.95,0.5,0.49,2025-06-28,0848,N,nominal,2.0NRT,296.2,5.04,D
29.91831,72.09537,332.58,0.5,0.49,2025-06-28,0848,N,nominal,2.0NRT,296.84,4.74,D
30.00382,72.94372,337.24,0.56,0.51,2025-06-28,0848,N,nominal,2.0NRT,293.71,4.37,D
30.00102,72.8616,331.34,0.55,0.51,2025-06-28,0848,N,nominal,2.0NRT,296.53,5,D
30.01869,72.94792,334.51,0.56,0.51,2025-06-28,0848,N,nominal,2.0NRT,294.62,1.86,D
30.02456,72.95914,338.93,0.56,0.51,2025-06-28,0848,N,nominal,2.0NRT,294.46,4.16,D
29.99457,72.59235,334.21,0.53,0.5,2025-06-28,0848,N,nominal,2.0NRT,295.64,4.88,D
30.03633,72.98158,342.02,0.56,0.51,2025-06-28,0848,N,nominal,2.0NRT,294.05,5.68,D
29.96624,72.25434,344.33,0.51,0.49,2025-06-28,0848,N,nominal,2.0NRT,295.89,10.9,D
29.97461,72.55825,338.05,0.53,0.5,2025-06-28,0848,N,nominal,2.0NRT,295.47,4.26,D
30.02434,72.96272,331.85,0.56,0.51,2025-06-28,0848,N,nominal,2.0NRT,294.13,3.07,D
29.99059,72.57886,331.02,0.53,0.5,2025-06-28,0848,N,nominal,2.0NRT,295.01,3.5,D
30.02913,72.96218,332.95,0.56,0.51,2025-06-28,0848,N,nominal,2.0NRT,294.28,4.04,D
29.99677,72.59503,333.73,0.53,0.5,2025-06-28,0848,N,nominal,2.0NRT,295.55,5.91,D
29.96554,72.25149,344.61,0.51,0.49,2025-06-28,0848,N,nominal,2.0NRT,296.27,9.5,D
30.03544,72.97931,340.33,0.56,0.52,2025-06-28,0848,N,nominal,2.0NRT,292.75,5.69,D
29.9047,71.47401,331.59,0.46,0.47,2025-06-28,0848,N,nominal,2.0NRT,297.18,1.72,D
29.90905,71.47343,334.63,0.46,0.47,2025-06-28,0848,N,nominal,2.0NRT,296.96,2.88,D
30.03137,72.7163,331.28,0.54,0.51,2025-06-28,0848,N,nominal,2.0NRT,293.54,3.38,D
30.01658,72.55325,343.55,0.53,0.5,2025-06-28,0848,N,nominal,2.0NRT,295.21,6.22,D
29.91198,71.45856,337.65,0.45,0.47,2025-06-28,0848,N,nominal,2.0NRT,297.22,3.71,D
29.90392,71.37798,340.85,0.45,0.47,2025-06-28,0848,N,nominal,2.0NRT,298.03,5.27,D
29.92552,71.46162,336.52,0.46,0.47,2025-06-28,0848,N,nominal,2.0NRT,297.04,2.38,D
30.01835,72.36995,344.67,0.52,0.5,2025-06-28,0848,N,nominal,2.0NRT,296.18,9.66,D
30.09665,73.01419,343.52,0.56,0.52,2025-06-28,0848,N,nominal,2.0NRT,290,13.14,D
30.09612,73.00826,343.11,0.56,0.52,2025-06-28,0848,N,nominal,2.0NRT,290,13.14,D
30.0544,72.55439,332.16,0.53,0.5,2025-06-28,0848,N,nominal,2.0NRT,291.13,1.41,D
29.95703,71.51089,354.34,0.46,0.47,2025-06-28,0848,N,nominal,2.0NRT,297.59,10.02,D
29.94724,71.37231,339.91,0.45,0.47,2025-06-28,0848,N,nominal,2.0NRT,297.67,3.22,D
29.96672,71.26538,343.93,0.44,0.46,2025-06-28,0848,N,nominal,2.0NRT,296.12,7.29,D
29.97053,71.26017,346.08,0.44,0.46,2025-06-28,0848,N,nominal,2.0NRT,295.87,8.4,D
29.96888,71.26679,340.75,0.44,0.46,2025-06-28,0848,N,nominal,2.0NRT,296.14,4.79,D
29.97272,71.26157,340.78,0.44,0.46,2025-06-28,0848,N,nominal,2.0NRT,295.47,5.01,D
29.97226,71.25691,333.23,0.44,0.46,2025-06-28,0848,N,nominal,2.0NRT,294.87,5.01,D
30.14906,72.89912,342.76,0.56,0.51,2025-06-28,0848,N,nominal,2.0NRT,291.2,9.49,D
30.1466,72.81696,331.92,0.55,0.51,2025-06-28,0848,N,nominal,2.0NRT,291.53,7.23,D
30.13561,72.43635,333.27,0.52,0.5,2025-06-28,0848,N,nominal,2.0NRT,293.4,2.13,D
30.13769,72.4084,341.44,0.52,0.5,2025-06-28,0848,N,nominal,2.0NRT,295.1,5.69,D
30.19517,72.87605,338.81,0.55,0.51,2025-06-28,0848,N,nominal,2.0NRT,286.48,8.02,D
30.07994,71.45318,330.77,0.46,0.47,2025-06-28,0848,N,nominal,2.0NRT,296.67,2.96,D
30.27248,73.24352,335.37,0.58,0.52,2025-06-28,0848,N,nominal,2.0NRT,286.66,6.51,D
30.27449,73.24277,335.24,0.58,0.52,2025-06-28,0848,N,nominal,2.0NRT,286.36,4.11,D
30.2802,73.13688,331.78,0.58,0.52,2025-06-28,0848,N,nominal,2.0NRT,286.84,3.43,D
30.3798,73.26244,333.44,0.59,0.53,2025-06-28,0848,N,nominal,2.0NRT,281.68,4.16,D
30.382,73.26041,341.77,0.59,0.53,2025-06-28,0848,N,nominal,2.0NRT,281.89,8.18,D
30.16299,70.86603,330.23,0.42,0.45,2025-06-28,0848,N,low,2.0NRT,300.59,9.58,D
30.19389,70.87537,330.67,0.42,0.46,2025-06-28,0848,N,low,2.0NRT,300.9,3.57,D
30.19342,70.87092,330.38,0.42,0.46,2025-06-28,0848,N,low,2.0NRT,300.65,3.57,D
30.19857,70.87925,330.24,0.42,0.46,2025-06-28,0848,N,low,2.0NRT,300.55,4.15,D
30.1981,70.87479,330.58,0.42,0.46,2025-06-28,0848,N,low,2.0NRT,300.64,3.57,D
30.32691,71.76673,333.17,0.48,0.48,2025-06-28,0848,N,nominal,2.0NRT,292.77,3.06,D
30.50424,72.33905,331.2,0.52,0.5,2025-06-28,0848,N,nominal,2.0NRT,290.48,4.25,D
30.53174,72.18178,347.05,0.51,0.49,2025-06-28,0848,N,nominal,2.0NRT,294.14,14.44,D
31.06091,75.20451,337.05,0.39,0.59,2025-06-28,0848,N,nominal,2.0NRT,284.27,2.68,D
30.84811,71.59277,341.6,0.47,0.48,2025-06-28,0848,N,nominal,2.0NRT,295.17,5.96,D
30.84656,71.59019,336.83,0.47,0.48,2025-06-28,0848,N,nominal,2.0NRT,294.97,6.42,D
31.22449,75.16109,334.06,0.39,0.59,2025-06-28,0848,N,nominal,2.0NRT,283.69,2.5,D
32.52009,55.25306,340.55,0.54,0.51,2025-06-28,0850,N,low,2.0NRT,314.35,9.44,D
18.32115,55.10593,339.08,0.62,0.71,2025-06-28,1026,N,nominal,2.0NRT,308.07,2.96,D
37.87932,69.58253,353.7,0.44,0.46,2025-06-28,0850,N,nominal,2.0NRT,315.19,31.86,D
38.05061,67.26807,367,0.52,0.41,2025-06-28,0850,N,high,2.0NRT,345.36,61.39,D
38.05442,67.26736,348.95,0.52,0.41,2025-06-28,0850,N,nominal,2.0NRT,319.17,61.39,D
38.20785,67.80707,330.6,0.55,0.43,2025-06-28,0850,N,low,2.0NRT,304.76,1.78,D
36.94561,54.88957,332.12,0.45,0.47,2025-06-28,0850,N,low,2.0NRT,304.19,2.3,D
36.86738,54.50154,339.41,0.47,0.48,2025-06-28,0850,N,nominal,2.0NRT,302.61,6.3,D
36.91874,54.68839,332.61,0.46,0.47,2025-06-28,0850,N,low,2.0NRT,304.3,2.25,D
36.97014,54.63154,347.07,0.46,0.47,2025-06-28,0850,N,nominal,2.0NRT,308.4,7.02,D
37.28799,55.39921,337.5,0.42,0.45,2025-06-28,0850,N,low,2.0NRT,311.58,4.2,D
37.99904,58.53899,346.5,0.45,0.39,2025-06-28,0850,N,low,2.0NRT,319.71,8.39,D
39.03608,63.49707,341.38,0.4,0.37,2025-06-28,0850,N,low,2.0NRT,315.48,6.31,D
39.7349,67.27645,339.18,0.54,0.42,2025-06-28,0850,N,nominal,2.0NRT,313.86,5.68,D
39.82906,66.92931,338.72,0.52,0.42,2025-06-28,0852,N,nominal,2.0NRT,313.35,3.84,D
38.85377,54.23075,347.22,0.44,0.46,2025-06-28,0852,N,low,2.0NRT,317.63,2.87,D
39.04019,54.25425,347.71,0.43,0.46,2025-06-28,0852,N,low,2.0NRT,321.93,6.03,D
39.04433,54.25277,352.48,0.43,0.46,2025-06-28,0852,N,nominal,2.0NRT,321.25,6.03,D
9.69992,79.97379,306.37,0.36,0.57,2025-06-28,1938,N,nominal,2.0NRT,279.84,1.16,N
7.14483,81.09455,324.59,0.55,0.51,2025-06-28,1938,N,nominal,2.0NRT,286.28,4.46,N
7.1486,81.0929,313.84,0.55,0.51,2025-06-28,1938,N,nominal,2.0NRT,285.09,2.59,N
7.14758,81.09991,301.33,0.55,0.51,2025-06-28,1938,N,nominal,2.0NRT,282.14,2.24,N
7.14395,81.09171,307.28,0.55,0.51,2025-06-28,1938,N,nominal,2.0NRT,286.39,2.93,N
25.03741,87.37907,298.67,0.57,0.43,2025-06-28,1932,N,nominal,2.0NRT,267.77,0.65,N
24.32429,81.32819,297.98,0.44,0.62,2025-06-28,1934,N,nominal,2.0NRT,282.46,1.84,N
23.77863,86.37393,309.23,0.42,0.45,2025-06-28,1934,N,nominal,2.0NRT,283.84,2.39,N
23.7656,86.37623,298.09,0.42,0.45,2025-06-28,1934,N,nominal,2.0NRT,285.71,2.01,N
23.78111,86.20841,300.68,0.43,0.46,2025-06-28,1934,N,nominal,2.0NRT,287.13,2.08,N
23.77739,86.20351,301.38,0.43,0.46,2025-06-28,1934,N,nominal,2.0NRT,287.23,1.33,N
23.77689,86.20775,301.43,0.43,0.46,2025-06-28,1934,N,nominal,2.0NRT,286.78,1.33,N
23.77366,86.19862,306.81,0.43,0.46,2025-06-28,1934,N,nominal,2.0NRT,286.68,2.85,N
23.77317,86.20285,305.13,0.43,0.46,2025-06-28,1934,N,nominal,2.0NRT,287,1.33,N
23.82243,85.496,305.47,0.47,0.48,2025-06-28,1934,N,nominal,2.0NRT,289.56,3.62,N
39.86181,98.25406,319.7,0.39,0.36,2025-06-28,1928,N,nominal,2.0NRT,284.62,1.88,N
39.84586,98.27478,315.24,0.39,0.36,2025-06-28,1928,N,nominal,2.0NRT,286.68,1.37,N
39.84256,98.27383,315.53,0.39,0.36,2025-06-28,1928,N,nominal,2.0NRT,285.74,1.37,N
39.82529,98.27363,297.51,0.39,0.36,2025-06-28,1928,N,nominal,2.0NRT,286.01,0.9,N
39.82452,98.27817,300.91,0.39,0.36,2025-06-28,1928,N,nominal,2.0NRT,286.27,0.9,N
39.82046,98.28174,310.31,0.39,0.36,2025-06-28,1928,N,nominal,2.0NRT,285.62,1.01,N
39.82074,98.23911,295.84,0.39,0.36,2025-06-28,1928,N,nominal,2.0NRT,284.53,0.54,N
39.81155,98.29344,308.37,0.39,0.36,2025-06-28,1928,N,nominal,2.0NRT,287.87,2.14,N
39.81078,98.29798,301.15,0.39,0.36,2025-06-28,1928,N,nominal,2.0NRT,286.51,0.77,N
39.81002,98.30251,304.11,0.39,0.36,2025-06-28,1928,N,nominal,2.0NRT,283.4,0.77,N
39.80825,98.2925,297.33,0.39,0.36,2025-06-28,1928,N,nominal,2.0NRT,285.19,0.58,N
39.80418,98.29608,296.31,0.39,0.36,2025-06-28,1928,N,nominal,2.0NRT,282.98,0.53,N
39.78943,98.30136,311.47,0.39,0.36,2025-06-28,1928,N,nominal,2.0NRT,285.05,0.86,N
39.79188,97.88467,297.01,0.39,0.36,2025-06-28,1928,N,nominal,2.0NRT,284.82,0.72,N
39.79114,97.88916,308.74,0.39,0.36,2025-06-28,1928,N,nominal,2.0NRT,283.82,1.68,N
39.99787,83.63802,297.59,0.44,0.63,2025-06-28,1928,N,nominal,2.0NRT,286.42,0.65,N
39.99918,83.64176,313.77,0.44,0.63,2025-06-28,1928,N,nominal,2.0NRT,286.71,0.81,N
36.4035,95.02699,313.37,0.39,0.36,2025-06-28,1930,N,nominal,2.0NRT,280.13,1.44,N
35.98934,94.82941,300.02,0.39,0.36,2025-06-28,1930,N,nominal,2.0NRT,278.54,0.84,N
